{
    "btc_cny": {
        "result": "true",
        "last": 4700.01,
        "high": 5023.6,
        "low": 4530,
        "avg": 4774.85,
        "sell": 4700,
        "buy": 4696,
        "vol_btc": 1098.2957,
        "vol_cny": 5244192.15
    },
    "ltc_cny": {
        "result": "true",
        "last": 121.4,
        "high": 136,
        "low": 111.1,
        "avg": 123.87,
        "sell": 123.79,
        "buy": 121.01,
        "vol_ltc": 27203.6017,
        "vol_cny": 3369783.26
    },
    "bqc_cny": {
        "result": "true",
        "last": 0.163,
        "high": 0.1726,
        "low": 0.161,
        "avg": 0.1635,
        "sell": 0.1687,
        "buy": 0.163,
        "vol_bqc": 207450.152,
        "vol_cny": 33909.4452
    },
    "btb_cny": {
        "result": "true",
        "last": 420.2,
        "high": 475.51,
        "low": 401,
        "avg": 422.23,
        "sell": 449.88,
        "buy": 420.2,
        "vol_btb": 63.36,
        "vol_cny": 26752.41
    },
    "btr_cny": {
        "result": "true",
        "last": 0.0027,
        "high": 0.0035,
        "low": 0.0026,
        "avg": 0.0029,
        "sell": 0.0028,
        "buy": 0.0027,
        "vol_btr": 12730536.522,
        "vol_cny": 36361.633
    },
    "cent_cny": {
        "result": "true",
        "last": "0.00002350",
        "high": "0.00002667",
        "low": "0.00001999",
        "avg": "0.00002268",
        "sell": "0.00002349",
        "buy": "0.00002246",
        "vol_cent": 19827089163.8,
        "vol_cny": 449750.96966704
    },
    "cmc_cny": {
        "result": "true",
        "last": 1.3266,
        "high": 1.3759,
        "low": 1.22,
        "avg": 1.2712,
        "sell": 1.3266,
        "buy": 1.239,
        "vol_cmc": 7573.497,
        "vol_cny": 9627.28
    },
    "cnc_cny": {
        "result": "true",
        "last": 0.089,
        "high": 0.0948,
        "low": 0.0888,
        "avg": 0.0903,
        "sell": 0.0928,
        "buy": 0.089,
        "vol_cnc": 232361.842,
        "vol_cny": 20986.018
    },
    "dgc_cny": {
        "result": "true",
        "last": 1.5006,
        "high": 1.61,
        "low": 1.48,
        "avg": 1.5186,
        "sell": 1.548,
        "buy": 1.5006,
        "vol_dgc": 13952.931,
        "vol_cny": 21189.2462
    },
    "doge_cny": {
        "result": "true",
        "last": 0.01085,
        "high": 0.011389,
        "low": 0.009288,
        "avg": 0.010296,
        "sell": 0.010839,
        "buy": 0.0107,
        "vol_doge": 1198805670.612,
        "vol_cny": 12342674.638455
    },
    "dtc_cny": {
        "result": "true",
        "last": 1.4,
        "high": 1.61,
        "low": 1.4,
        "avg": 1.5127,
        "sell": 1.4992,
        "buy": 1.41,
        "vol_dtc": 8514.323,
        "vol_cny": 12879.9926
    },
    "dvc_cny": {
        "result": "true",
        "last": 0.003896,
        "high": 0.004699,
        "low": 0.003448,
        "avg": 0.003964,
        "sell": 0.003897,
        "buy": 0.003896,
        "vol_dvc": 52286587.045,
        "vol_cny": 207271.72399
    },
    "exc_cny": {
        "result": "true",
        "last": 1.179,
        "high": 1.216,
        "low": 1.15,
        "avg": 1.1572,
        "sell": 1.19,
        "buy": 1.179,
        "vol_exc": 91744.829,
        "vol_cny": 106165.8571
    },
    "ftc_cny": {
        "result": "true",
        "last": 1.64,
        "high": 1.75,
        "low": 1.5,
        "avg": 1.62,
        "sell": 1.638,
        "buy": 1.6,
        "vol_ftc": 16408.41884,
        "vol_cny": 26582.395
    },
    "frc_cny": {
        "result": "true",
        "last": 0.3201,
        "high": 0.3986,
        "low": 0.3,
        "avg": 0.3519,
        "sell": 0.3355,
        "buy": 0.3001,
        "vol_frc": 48468.12707,
        "vol_cny": 17053.7682
    },
    "ifc_cny": {
        "result": "true",
        "last": 0.0005011,
        "high": 0.00053,
        "low": 0.000463,
        "avg": 0.0004959,
        "sell": 0.0005102,
        "buy": 0.0005012,
        "vol_ifc": 5156577335.806,
        "vol_cny": 2556972.2919878
    },
    "mec_cny": {
        "result": "true",
        "last": 3.4399,
        "high": 3.82,
        "low": 3.276,
        "avg": 3.5088,
        "sell": 3.4399,
        "buy": 3.3712,
        "vol_mec": 97998.576,
        "vol_cny": 343859.907
    },
    "mmc_cny": {
        "result": "true",
        "last": 1.138,
        "high": 1.25,
        "low": 1.1302,
        "avg": 1.1555,
        "sell": 1.1899,
        "buy": 1.1446,
        "vol_mmc": 78338,
        "vol_cny": 90521.7054
    },
    "net_cny": {
        "result": "true",
        "last": 0.07541,
        "high": 0.08049,
        "low": 0.07001,
        "avg": 0.07472,
        "sell": 0.07532,
        "buy": 0.07367,
        "vol_net": 4527785.499,
        "vol_cny": 338321.29924
    },
    "nmc_cny": {
        "result": "true",
        "last": 29.99,
        "high": 34.38,
        "low": 26.49,
        "avg": 29.74,
        "sell": 29.99,
        "buy": 29.17,
        "vol_nmc": 740.198,
        "vol_cny": 22017.11
    },
    "nxt_cny": {
        "result": "true",
        "last": 0.3998,
        "high": 0.445,
        "low": 0.37,
        "avg": 0.3997,
        "sell": 0.4148,
        "buy": 0.4002,
        "vol_nxt": 2464208.724,
        "vol_cny": 984877.2043
    },
    "ppc_cny": {
        "result": "true",
        "last": 28.5,
        "high": 31.6,
        "low": 25.47,
        "avg": 28.27,
        "sell": 28.5,
        "buy": 26.46,
        "vol_ppc": 3365.37,
        "vol_cny": 95145.34
    },
    "pts_cny": {
        "result": "true",
        "last": 60.62,
        "high": 66,
        "low": 56.48,
        "avg": 61.25,
        "sell": 61.5,
        "buy": 60.62,
        "vol_pts": 3815.438,
        "vol_cny": 233687.48
    },
    "qrk_cny": {
        "result": "true",
        "last": 0.44251,
        "high": 0.5079,
        "low": 0.416,
        "avg": 0.45713,
        "sell": 0.4488,
        "buy": 0.44235,
        "vol_qrk": 1168075.925,
        "vol_cny": 533957.26356
    },
    "red_cny": {
        "result": "true",
        "last": 0.0873,
        "high": 0.0935,
        "low": 0.0831,
        "avg": 0.0893,
        "sell": 0.092,
        "buy": 0.0873,
        "vol_red": 941780.224,
        "vol_cny": 84140.4046
    },
    "src_cny": {
        "result": "true",
        "last": 5.101,
        "high": 6.32,
        "low": 5.02,
        "avg": 5.3016,
        "sell": 5.3995,
        "buy": 5.111,
        "vol_src": 11541.623,
        "vol_cny": 61188.5131
    },
    "tag_cny": {
        "result": "true",
        "last": 6.6,
        "high": 7.299,
        "low": 6,
        "avg": 6.589,
        "sell": 6.997,
        "buy": 6.6,
        "vol_tag": 7614.819,
        "vol_cny": 50171.986
    },
    "tix_cny": {
        "result": "true",
        "last": 0.0002701,
        "high": 0.0002999,
        "low": 0.0002502,
        "avg": 0.0002693,
        "sell": 0.000271,
        "buy": 0.0002701,
        "vol_tix": 4651167447.59,
        "vol_cny": 1252614.1461546
    },
    "wdc_cny": {
        "result": "true",
        "last": 1.68,
        "high": 1.92,
        "low": 1.6,
        "avg": 1.7224,
        "sell": 1.7782,
        "buy": 1.68,
        "vol_wdc": 29570.109,
        "vol_cny": 50932.4816
    },
    "xpm_cny": {
        "result": "true",
        "last": 15.85,
        "high": 17,
        "low": 15.02,
        "avg": 16.03,
        "sell": 16,
        "buy": 15.83,
        "vol_xpm": 3332.967,
        "vol_cny": 53416.55
    },
    "yac_cny": {
        "result": "true",
        "last": 0.155,
        "high": 0.1671,
        "low": 0.153,
        "avg": 0.1574,
        "sell": 0.1608,
        "buy": 0.155,
        "vol_yac": 83570.842,
        "vol_cny": 13152.1576
    },
    "zcc_cny": {
        "result": "true",
        "last": 0.622,
        "high": 0.67,
        "low": 0.5949,
        "avg": 0.6139,
        "sell": 0.6368,
        "buy": 0.621,
        "vol_zcc": 46098.532,